Wed Nov 12 22:14:30 UTC 2025: Daily run completed
Tue Dec 23 16:28:58 UTC 2025: Daily run completed
Tue Dec 23 16:38:30 UTC 2025: Starting Daily Quote Pipeline
Tue Dec 23 16:38:31 UTC 2025: Daily run completed
Tue Dec 23 19:11:03 UTC 2025: Starting Daily Quote Pipeline
Tue Dec 23 19:11:06 UTC 2025: Daily run completed
Tue Dec 23 19:20:24 UTC 2025: Starting Daily Quote Pipeline
Tue Dec 23 19:20:25 UTC 2025: Daily run completed
Tue Dec 23 19:25:10 UTC 2025: Starting Daily Quote Pipeline
Tue Dec 23 19:25:11 UTC 2025: Daily run completed
Tue Dec 23 19:25:59 UTC 2025: Starting Daily Quote Pipeline
Tue Dec 23 19:26:01 UTC 2025: Daily run completed
Tue Dec 23 19:30:26 UTC 2025: Starting Daily Quote Pipeline
Tue Dec 23 19:30:32 UTC 2025: Daily run completed
